{"acc": 0.8545263060626898, "loss": 0.19414281736860822, "metric": 4.55, "_timestamp": 1719864510.639274, "_runtime": 0.4890599250793457, "_step": 9, "_wandb": {"runtime": 0}}