{"acc": 0.9032551355031473, "loss": 0.08906410640781195, "metric": 4.55, "_timestamp": 1719863250.712944, "_runtime": 0.4589841365814209, "_step": 9, "_wandb": {"runtime": 0}}