{"acc": 0.8808364096142202, "loss": 0.07147736627197936, "_timestamp": 1719861856.512301, "_runtime": 0.42681407928466797, "_step": 7, "_wandb": {"runtime": 0}}