{"acc": 0.7961083567095415, "loss": 0.1725294745297906, "metric": 4.55, "_timestamp": 1719864362.298006, "_runtime": 0.49792003631591797, "_step": 9, "_wandb": {"runtime": 0}}