{"acc": 0.789803741913279, "loss": 0.1418930653735482, "metric": 4.55, "_timestamp": 1719863099.38495, "_runtime": 0.4050920009613037, "_step": 9, "_wandb": {"runtime": 0}}