{"acc": 0.8855607651592505, "loss": 0.12463543864639523, "metric": 4.55, "_timestamp": 1719862963.437094, "_runtime": 0.44725894927978516, "_step": 9, "_wandb": {"runtime": 0}}